query,response
What is the procedure for resigning from Omnicentra?,"If you are looking to resign from Omnicentra, please fill out the relevant resignation form and contact your line manager to arrange a meeting to discuss the details of your resignation. Once the form has been signed by both the employee and the line manager, the resignation will be processed."
How long does it take for an employee to receive their final paycheck after resigning?,"I don't know. However, if you have any questions about accessing your payslip or other payroll-related documents, please don't hesitate to reach out to our HR team for help."
What is the procedure for filing a complaint against a colleague or manager?,"If the complaint is against a colleague or manager, please report the complaint to your line manager or the HR department. If you would prefer to make an anonymous report, you can do so through our whistleblower hotline."
Can employees participate in external training and development programs?,"I'm sorry, I don't know if employees can participate in external training and development programs. They can access technical training and support through our IT system and can contact the IT support team for additional assistance."
What is the policy for employee travel expenses?,"Employees at Omnicentra can submit an expense report through our HR system with all relevant receipts and documentation, and approval from their line manager. Expense reports are typically processed within two weeks."
How are employee promotions decided at Omnicentra?,I don't know.
Can employees work overtime without prior approval?,I don't know. Employees should check with their supervisors or the HR department if they have any questions about working overtime.
How can employees access training and development opportunities?,Employees can access training and development opportunities through the IT system. They should consult the available resources and contact the IT support team at Omnicentra if they require additional assistance.
Are employees entitled to a bonus or commission?,I don't know. Please contact the HR department for more information on bonuses or commissions.
What is the policy on data protection and confidentiality at Omnicentra?,"I don't know. However, it is the responsibility of each employee to ensure the security and confidentiality of their laptop and software."
Can employees work part-time at Omnicentra?,I don't know.
How can employees request a leave of absence?,Employees can request a leave of absence by submitting the request on our HR system at least two weeks in advance and obtaining approval from their line manager.
What is the procedure for terminating an employee's contract?,"The procedure for terminating an employee’s contract will depend on the company policies, the specifics of the contract, and the nature of the agreement. I suggest reaching out to the HR department for more information."
Are employees allowed to use company equipment for personal use?,I don't know. It is best to consult the company policy documents to verify whether this is permitted.
What is the policy on social media usage at Omnicentra?,I don't know.
Can employees work from abroad for an extended period?,I don't know. Employees should check with their line managers regarding such requests.
What is the policy on performance-related terminations?,"I'm sorry, I don't know the policy on performance-related terminations. Please reach out to the HR department for further information."
Can employees work for a competitor while still employed at Omnicentra?,I don’t know. It would be best to consult the employee handbook to determine if this is allowed.
What is the policy on non-disclosure agreements?,"I don't know. However, it is important that all employees follow the company's guidelines and refrain from sharing any confidential or sensitive information outside the company without prior approval."
Can employees transfer to a different department at Omnicentra?,I don't know.
How is employee productivity measured at Omnicentra?,"I don't know, but employees are expected to submit their timesheets by the deadline each month as managed by Gusto to ensure accurate payroll records and payments."
What is the procedure for filing a workers' compensation claim?,"I don't know the procedure for filing a workers' compensation claim, but you can find more information on our website or contact our HR department for assistance."
Can employees take unpaid leave for personal reasons?,"Yes, employees can take unpaid leave for personal reasons, but they must obtain approval from their line manager and coordinate with their team members beforehand."
What is the procedure for requesting a reference from Omnicentra?,I don't know the procedure for requesting a reference from Omnicentra. Sorry I can't help you with that.
How are employee conflicts resolved at Omnicentra?,"Employee conflicts are typically resolved through dialogue between the employee and their line manager. If the employee needs further support, they can email hr@omnicentra.com."
What is the policy on workplace safety and health?,"At Omnicentra, we take workplace safety and health very seriously. If you have any concerns, please report them to your line manager or the HR department. You can also make anonymous reports through our whistleblower hotline. If you have any further questions or would like more information, please contact HR."
Can employees take paid time off for volunteering or community service?,"I'm sorry, I don't know if employees can take paid time off for volunteering or community service. You would need to check with HR to find out if that is an option."
What is the procedure for obtaining a work visa for foreign employees?,"I'm sorry, I don't know the procedure for obtaining a work visa for foreign employees. However, you can contact our HR department and they can provide you with more information."
Can employees use their own equipment for work purposes?,I don't know. Employees should speak to their line manager if they need to use their own equipment for work purposes.
What is the policy on reimbursement for travel expenses?,"At Omnicentra, employees can have their travel expenses reimbursed by submitting an expense report through our HR system. They'll need to include all relevant receipts and documentation and obtain approval from their line manager. Once the report is submitted, it should be processed within two weeks."
Can employees be fired for poor performance?,"Yes, employees can be fired for poor performance. Omnicentra takes performance standards very seriously and any employee who fails to meet expectations may be subject to disciplinary action, including termination."
How does Omnicentra handle employee grievances?,"If you have a grievance related to your work, you should reach out to your line manager first to resolve the issue. If you need further support, you can contact our HR team by emailing hr@omnicentra.com."
What is the policy on working during public holidays?,I don't know the policy on working during public holidays.
Can employees work on a flexible schedule?,"I'm sorry, that is not information covered by the request time off policy. For information regarding flexible schedules, please contact the HR department at Omnicentra."
How are workplace accommodations handled at Omnicentra?,"At Omnicentra, we provide our employees with laptops and necessary software. Employees can speak to their line manager if they need a new laptop or software. Employees are responsible for maintaining the security of their laptop and software. I don't know about any other workplace accommodations."
What is the policy on sick pay?,I don't know the policy on sick pay. You may need to check the employee manual or contact HR for further details.
How are disciplinary actions taken against employees?,I don't know. All I know is that any allegations of harassment and discrimination are taken seriously and investigated thoroughly by the HR department.
Can employees take time off for bereavement?,"Yes, employees can take time off for bereavement. If they have an immediate need to take leave, they should contact an HR representative who can assist with the request."
How are conflicts between employees and managers resolved?,"Conflicts between employees and managers are usually resolved by our HR department in a confidential and professional manner. If you have any questions or would like to discuss an issue further, please contact HR for assistance."
What is the policy on overtime pay for salaried employees?,"Salaried employees are eligible for overtime pay, as our company follows all relevant employment laws and regulations regarding overtime and compensation. Any questions about overtime or compensation can be directed to the HR department."
How are employee benefits determined at Omnicentra?,"Employee benefits at Omnicentra are determined by the HR team and include health insurance through BUPA, a pension scheme after six months of employment, discounts on gym memberships, and regular social events and team building activities."
Can employees take time off for jury duty or military service?,"Yes, Omnicentra encourages employees to take time off for jury duty or military service. The same process for requesting time off still applies, and staff should submit their request at least two weeks in advance and receive approval from their line manager."
What is the policy on employee privacy at Omnicentra?,"The policy on employee privacy at Omnicentra is that all employee data and information stored on their laptop and software is kept secure and confidential. If you have any further questions regarding employee privacy, please speak to your line manager or Human Resources department."
Can employees take time off for religious or cultural observances?,"Yes, employees can take time off for religious or cultural observances. They should submit their request in advance through our HR system and obtain approval from their line manager. We also encourage employees to coordinate with their team members to ensure that their absence does not negatively impact ongoing projects."
How are employee requests for vacation time approved at Omnicentra?,Employee requests for vacation time must be taken in consultation with their line manager and approved by them.
What is the procedure for requesting a personal leave of absence?,"To request a personal leave of absence at Omnicentra, you must submit a request through our HR system at least two weeks in advance and obtain approval from your line manager. You should also coordinate with your team members to make sure your absence does not affect any projects."
What is the policy on working during inclement weather?,"I don't know the specific policy on working during inclement weather, but I can suggest that employees should check with their line manager if they are unsure of what to do."
How are employee promotions and raises determined at Omnicentra?,I don’t know how employee promotions and raises are determined at Omnicentra. It’s best to check with your individual line manager or the Human Resources department for more information.
Can employees work remotely from another country?,"No, Omnicentra does not allow employees to work remotely from another country. Employees should ensure that they are working from a location within their country of residence."
What is the policy on alcohol and drug use in the workplace?,"I don't know the policy on alcohol and drug use in the workplace. However, I can direct you to the HR Department for more information."
Can employees take time off for school-related activities?,"Yes, employees can take time off for school-related activities, as long as they follow the same process and obtain approval from their line manager. They should also coordinate with their team members to ensure that their absence does not negatively impact ongoing projects."
How are complaints of bullying or harassment investigated and resolved at Omnicentra?,"Complaints of bullying or harassment should be first reported to the line manager and promptly investigated by HR. If an investigation is required, HR will review any evidence, speak to the parties involved, and make a determination. Resolution of a complaint can vary depending on the particular circumstances, so if you have concerns please do not hesitate to contact HR at hr@omnicentra.com."
What is the procedure for reporting a workplace injury?,"Report an injury to your line manager or the HR department. If you prefer to make an anonymous report, you can use the whistleblower hotline."
What is the process for getting approval to work from home at Omnicentra?,"The process for getting approval to work from home at Omnicentra is to discuss the request with your line manager. It is important that you are able to demonstrate a good reason for why you require working from home and that you have a suitable workspace and a reliable internet connection for working effectively. Once your line manager is satisfied with your request, they will provide the approval for you to work from home. If you have any further questions or need more information regarding this process, please contact your line manager or the IT/HR department."
